{
  "maximum_trace_error": 1.1920928955078125e-07,
  "mean_fidelity": 0.993604675968488,
  "mean_frobenius_distance": 0.04068583372052914,
  "mean_infidelity": 0.006395324031511942,
  "mean_measurement_l2": 0.02594331997378807,
  "mean_trace_distance": 0.028769228820844244,
  "median_fidelity": 0.9965208768844604,
  "minimum_predicted_eigenvalue": 0.00658060610294342,
  "num_samples": 3000,
  "std_fidelity": 0.006014044067588971
}