{
  "maximum_trace_error": 1.1920928955078125e-07,
  "mean_fidelity": 0.9864107768138249,
  "mean_frobenius_distance": 0.10129269866893689,
  "mean_infidelity": 0.013589223186175028,
  "mean_measurement_l2": 0.02599055529680724,
  "mean_trace_distance": 0.07162475405757626,
  "median_fidelity": 0.9869675636291504,
  "minimum_predicted_eigenvalue": 0.005317375063896179,
  "num_samples": 3000,
  "std_fidelity": 0.007553867383489114
}