{
  "maximum_trace_error": 1.1920928955078125e-07,
  "mean_fidelity": 0.9844475039442381,
  "mean_frobenius_distance": 0.07692361266693722,
  "mean_infidelity": 0.015552496055761974,
  "mean_measurement_l2": 0.028394824760771976,
  "mean_trace_distance": 0.05439320806848506,
  "median_fidelity": 0.9930973947048187,
  "minimum_predicted_eigenvalue": 0.008102945983409882,
  "num_samples": 3000,
  "std_fidelity": 0.01726191940369758
}