{
  "maximum_trace_error": 1.1920928955078125e-07,
  "mean_fidelity": 0.9811032919287681,
  "mean_frobenius_distance": 0.09050586909645547,
  "mean_infidelity": 0.01889670807123184,
  "mean_measurement_l2": 0.0295037017747527,
  "mean_target_fidelity": 0.445866064414382,
  "mean_trace_distance": 0.06399731356588503,
  "median_fidelity": 0.9918705224990845,
  "minimum_predicted_eigenvalue": 0.013758584856987,
  "num_samples": 3000,
  "std_fidelity": 0.019589523099612587
}