{
  "maximum_trace_error": 1.1920928955078125e-07,
  "mean_fidelity": 0.9806998301744461,
  "mean_frobenius_distance": 0.08809286113983641,
  "mean_infidelity": 0.019300169825553895,
  "mean_measurement_l2": 0.035359592809768706,
  "mean_target_fidelity": 0.4441579788674911,
  "mean_trace_distance": 0.062291059222538026,
  "median_fidelity": 0.9928079843521118,
  "minimum_predicted_eigenvalue": 0.013854146003723145,
  "num_samples": 3000,
  "std_fidelity": 0.020803194751101723
}