{
  "maximum_trace_error": 1.1920928955078125e-07,
  "mean_fidelity": 0.9684967824220657,
  "mean_frobenius_distance": 0.10218291238012413,
  "mean_infidelity": 0.03150321757793426,
  "mean_measurement_l2": 0.033067442395879575,
  "mean_trace_distance": 0.07225423000194132,
  "median_fidelity": 0.9848725497722626,
  "minimum_predicted_eigenvalue": 0.03390958905220032,
  "num_samples": 3000,
  "std_fidelity": 0.028588544347881835
}