{
  "train_total": [
    0.6074061092376709,
    0.5298577335357666,
    0.5257279593467712,
    0.5231177575111389,
    0.5224430374145508,
    0.5213622082710266,
    0.5196934839248657,
    0.5187716765403747,
    0.5179318157196044,
    0.517511031627655,
    0.5165628418922424,
    0.5163685726165772,
    0.515969734954834,
    0.5162900776863099,
    0.515706801700592,
    0.5156169767379761,
    0.5153980124473572,
    0.5153530994415283,
    0.5148525633811951,
    0.5151849666595459,
    0.5149984413146973,
    0.5149685098648071,
    0.5148182896614075,
    0.514818867778778,
    0.5148029467582703,
    0.5145213664054871,
    0.5140955186843872
  ],
  "train_clean_reconstruction": [
    0.031920070873200895,
    0.00857013880237937,
    0.00693466887101531,
    0.006034891226887703,
    0.005687522857636213,
    0.005239782503992319,
    0.004985323532670736,
    0.004793355262279511,
    0.004699497029930353,
    0.004548300865292549,
    0.004432820111513138,
    0.004412478878721595,
    0.004306388397142291,
    0.004283953063189984,
    0.004247664248198271,
    0.004239179591089487,
    0.004156027629971504,
    0.004152262164279818,
    0.004060126846283674,
    0.004075539329648018,
    0.004058390092104673,
    0.004007799319177866,
    0.003970318382233382,
    0.003974637065082789,
    0.003968146558851003,
    0.003912497163563967,
    0.0038859996683895588
  ],
  "train_adversarial_reconstruction": [
    0.05375149047076702,
    0.02825478748381138,
    0.027496859034895897,
    0.027005516454577445,
    0.02692663671374321,
    0.026695804083347322,
    0.02669216116964817,
    0.026662378269433976,
    0.026585196033120154,
    0.026472381964325904,
    0.026461247390508653,
    0.026477467450499535,
    0.026417444622516634,
    0.026351680454611778,
    0.026324632519483568,
    0.026248017689585686,
    0.026230343061685563,
    0.026335873293876648,
    0.026285470819473265,
    0.026227831029891967,
    0.02619862221479416,
    0.02621156161725521,
    0.02614960841238499,
    0.026224783393740653,
    0.026208100751042365,
    0.026219899210333825,
    0.026132725247740747
  ],
  "train_pgd_reconstruction": [
    0.04532554509043694,
    0.0181973858833313,
    0.01676289817094803,
    0.01598972600996494,
    0.01604347975552082,
    0.015875805883109568,
    0.01576556815505028,
    0.015899875447154044,
    0.01562841763794422,
    0.015465080909430981,
    0.015084459739923476,
    0.01526341429501772,
    0.01496528050750494,
    0.014989598876237869,
    0.014862540103495121,
    0.014707402086257934,
    0.014740831288695336,
    0.014799169528484344,
    0.01471794177889824,
    0.014706752514839173,
    0.014767024046182632,
    0.014522837007045746,
    0.014618193526566028,
    0.01461016221344471,
    0.014677995857596398,
    0.014430156841874122,
    0.014516655287146569
  ],
  "train_detection": [
    1.9035569507598877,
    1.8988280912399291,
    1.897729824447632,
    1.8960065841674805,
    1.894822473526001,
    1.8939139736175536,
    1.8887290508270265,
    1.885405139541626,
    1.8838239547729492,
    1.8838605895996094,
    1.8821033420562745,
    1.8806300338745117,
    1.8808975954055787,
    1.8824362701416015,
    1.8808676307678223,
    1.8814690761566162,
    1.8808697774887084,
    1.8800508838653565,
    1.8789492053985595,
    1.8804914287567138,
    1.8796918453216553,
    1.8807007459640503,
    1.8801206146240235,
    1.8798357690811158,
    1.8795938888549806,
    1.8796381969451905,
    1.878044845199585
  ],
  "train_measurement_consistency": [
    0.005197672003507614,
    0.0012839926544576884,
    0.0010107294310815632,
    0.0008597999549470841,
    0.000797811087872833,
    0.0007232128817588091,
    0.0006816657963208855,
    0.0006478156167082489,
    0.0006271460353396833,
    0.0006012408398091793,
    0.0005848141860216856,
    0.0005770453838631511,
    0.0005622802155092359,
    0.0005577819263562561,
    0.0005505574277136475,
    0.0005510884427465499,
    0.0005336292138323188,
    0.0005307560993358493,
    0.0005172413872554898,
    0.0005198764400556684,
    0.0005144319201819599,
    0.000511266506370157,
    0.0005001867603510619,
    0.000503399023367092,
    0.00050231903931126,
    0.0004926436089910567,
    0.0004892736261710524
  ],
  "validation_total": [
    0.3965104928811391,
    0.3932428472042084,
    0.39302236008644104,
    0.39121574290593464,
    0.3897878258228302,
    0.3851774046421051,
    0.3855504746437073,
    0.3855887530644735,
    0.38461730178197223,
    0.3860233151912689,
    0.38463424173990884,
    0.3826907337506612,
    0.3848222654660543,
    0.3816460422674815,
    0.38342067956924436,
    0.3804053657054901,
    0.378347030321757,
    0.3803697018623352,
    0.3807885140577952,
    0.37899266242980956,
    0.3789409534136454,
    0.38031730930010477,
    0.3807783336639404,
    0.38251357587178547,
    0.3811843419075012,
    0.3804471555550893,
    0.3794939997196197
  ],
  "validation_clean_reconstruction": [
    0.006485948957502842,
    0.00522309111431241,
    0.004637900811930497,
    0.0041862100747724375,
    0.00393409497042497,
    0.003495493005340298,
    0.003369929948200782,
    0.0033925487597783405,
    0.003123036331186692,
    0.003041026371841629,
    0.0034004058794428905,
    0.003421145593126615,
    0.0029585531987249853,
    0.0030462847941865523,
    0.0036855965244273346,
    0.003225414096067349,
    0.0029316902787735063,
    0.003106314550464352,
    0.0029844925416012604,
    0.0029975926137218874,
    0.0029854565504938363,
    0.0034962586344530187,
    0.003217074885343512,
    0.0033072350316991407,
    0.0031718568690121173,
    0.0035084456882129114,
    0.00302752839649717
  ],
  "validation_adversarial_reconstruction": [
    0.02336406030257543,
    0.023259103869398435,
    0.024186701744794845,
    0.023483695581555365,
    0.023401375090082485,
    0.023860491782426833,
    0.024506133506695428,
    0.023771823023756345,
    0.02421625392138958,
    0.025016006181637445,
    0.023354309101899465,
    0.023874659433960915,
    0.024204532608389853,
    0.02402882394194603,
    0.023142145544290543,
    0.023783088942368826,
    0.02404887318611145,
    0.023966189687450727,
    0.02414927913248539,
    0.024405121048291525,
    0.0248038489172856,
    0.02359890878200531,
    0.023922262743115427,
    0.023802132268746695,
    0.023645440836747487,
    0.023148254990577696,
    0.023949863597750663
  ],
  "validation_pgd_reconstruction": [
    0.0,
    0.0,
    0.0,
    0.0,
    0.0,
    0.0,
    0.0,
    0.0,
    0.0,
    0.0,
    0.0,
    0.0,
    0.0,
    0.0,
    0.0,
    0.0,
    0.0,
    0.0,
    0.0,
    0.0,
    0.0,
    0.0,
    0.0,
    0.0,
    0.0,
    0.0,
    0.0
  ],
  "validation_detection": [
    1.466268681526184,
    1.4587560488382976,
    1.4565421311060587,
    1.4539661343892416,
    1.449607954978943,
    1.4311152194341024,
    1.4305348002115885,
    1.433534502029419,
    1.4289686896006266,
    1.431726472536723,
    1.4313562545776368,
    1.421417026837667,
    1.4305036738713581,
    1.4181463368733724,
    1.4261907183329263,
    1.4134378420511882,
    1.4053355363210043,
    1.4130473623275757,
    1.4144865007400513,
    1.4062249212265014,
    1.4044728215535482,
    1.412720801671346,
    1.4144071531295777,
    1.4214613539377847,
    1.4173221003214518,
    1.4149926729202271,
    1.4099290828704834
  ],