{
  "maximum_trace_error": 2.384185791015625e-07,
  "mean_fidelity": 0.9592658665180206,
  "mean_frobenius_distance": 0.09195676338523626,
  "mean_infidelity": 0.04073413348197937,
  "mean_measurement_l2": 0.1904132162243128,
  "mean_trace_distance": 0.09845045233592391,
  "median_fidelity": 0.96271812915802,
  "minimum_predicted_eigenvalue": -4.732984493216463e-08,
  "num_samples": 2500,
  "std_fidelity": 0.02586958445410129
}