{
  "maximum_trace_error": 2.384185791015625e-07,
  "mean_fidelity": 0.9586669329166413,
  "mean_frobenius_distance": 0.09603258493989707,
  "mean_infidelity": 0.041333067083358765,
  "mean_measurement_l2": 0.1898547310054302,
  "mean_trace_distance": 0.1022828831806779,
  "median_fidelity": 0.962711751461029,
  "minimum_predicted_eigenvalue": -5.454087670386798e-08,
  "num_samples": 2500,
  "std_fidelity": 0.02722579350720461
}