{
  "maximum_trace_error": 2.384185791015625e-07,
  "mean_fidelity": 0.86193442132473,
  "mean_frobenius_distance": 0.33649375137686727,
  "mean_infidelity": 0.13806557867527008,
  "mean_measurement_l2": 0.32637234139442445,
  "mean_trace_distance": 0.3044505928993225,
  "median_fidelity": 0.8777234554290771,
  "minimum_predicted_eigenvalue": -1.8453901518000748e-08,
  "num_samples": 2500,
  "std_fidelity": 0.05568759378541919
}