{
  "maximum_trace_error": 2.384185791015625e-07,
  "mean_fidelity": 0.9502736751317978,
  "mean_frobenius_distance": 0.11074639618098736,
  "mean_infidelity": 0.04972632486820221,
  "mean_measurement_l2": 0.1992187523007393,
  "mean_trace_distance": 0.11650487686097621,
  "median_fidelity": 0.9496377408504486,
  "minimum_predicted_eigenvalue": 5.670928970857858e-08,
  "num_samples": 2500,
  "std_fidelity": 0.02952436479064969
}