{
  "maximum_trace_error": 2.384185791015625e-07,
  "mean_fidelity": 0.9474100625514984,
  "mean_frobenius_distance": 0.11715062289088965,
  "mean_infidelity": 0.052589937448501586,
  "mean_measurement_l2": 0.19793548185527324,
  "mean_trace_distance": 0.12234163553714753,
  "median_fidelity": 0.9459519982337952,
  "minimum_predicted_eigenvalue": -1.5320580359912128e-08,
  "num_samples": 2500,
  "std_fidelity": 0.03107749556506988
}