{
  "clean": {
    "maximum_trace_error": 2.384185791015625e-07,
    "mean_fidelity": 0.9586669329166413,
    "mean_frobenius_distance": 0.09603258493989707,
    "mean_infidelity": 0.041333067083358765,
    "mean_measurement_l2": 0.1898547310054302,
    "mean_trace_distance": 0.1022828831806779,
    "median_fidelity": 0.962711751461029,
    "minimum_predicted_eigenvalue": -5.454087670386798e-08,
    "num_samples": 2500,
    "std_fidelity": 0.02722579350720461
  },
  "frequency_pgd": {
    "maximum_trace_error": 2.384185791015625e-07,
    "mean_fidelity": 0.8692181166172027,
    "mean_frobenius_distance": 0.3190804890751839,
    "mean_infidelity": 0.13078188338279725,
    "mean_measurement_l2": 0.3049356531381607,
    "mean_trace_distance": 0.29259582439661025,
    "median_fidelity": 0.8858809769153595,
    "minimum_predicted_eigenvalue": -6.23021279011482e-08,
    "num_samples": 2500,
    "std_fidelity": 0.05450836456542402
  },
  "random_replacement": {
    "maximum_trace_error": 2.384185791015625e-07,
    "mean_fidelity": 0.9474100625514984,
    "mean_frobenius_distance": 0.11715062289088965,
    "mean_infidelity": 0.052589937448501586,
    "mean_measurement_l2": 0.19793548185527324,
    "mean_trace_distance": 0.12234163553714753,
    "median_fidelity": 0.9459519982337952,
    "minimum_predicted_eigenvalue": -1.5320580359912128e-08,
    "num_samples": 2500,
    "std_fidelity": 0.03107749556506988
  },
  "targeted_replacement": {
    "maximum_trace_error": 2.384185791015625e-07,
    "mean_fidelity": 0.9449755130529404,
    "mean_frobenius_distance": 0.12593954792767764,
    "mean_infidelity": 0.05502448694705963,
    "mean_measurement_l2": 0.20783820629715918,
    "mean_target_fidelity": 0.1699023952331394,
    "mean_trace_distance": 0.13016547202020884,
    "median_fidelity": 0.9446106851100922,
    "minimum_predicted_eigenvalue": -1.2524080439391128e-08,
    "num_samples": 2500,
    "std_fidelity": 0.03150946578664061
  },
  "worst_replacement": {
    "maximum_trace_error": 2.384185791015625e-07,
    "mean_fidelity": 0.936740799832344,
    "mean_frobenius_distance": 0.12209076553434134,
    "mean_infidelity": 0.06325920016765595,
    "mean_measurement_l2": 0.20987087499201298,
    "mean_trace_distance": 0.12670582284331322,
    "median_fidelity": 0.944376140832901,
    "minimum_predicted_eigenvalue": -2.4188256730894864e-08,
    "num_samples": 2500,
    "std_fidelity": 0.03954600580204539
  }
}