{
  "clean": {
    "maximum_trace_error": 2.384185791015625e-07,
    "mean_fidelity": 0.9592658665180206,
    "mean_frobenius_distance": 0.09195676338523626,
    "mean_infidelity": 0.04073413348197937,
    "mean_measurement_l2": 0.1904132162243128,
    "mean_trace_distance": 0.09845045233592391,
    "median_fidelity": 0.96271812915802,
    "minimum_predicted_eigenvalue": -4.732984493216463e-08,
    "num_samples": 2500,
    "std_fidelity": 0.02586958445410129
  },
  "frequency_pgd": {
    "maximum_trace_error": 2.384185791015625e-07,
    "mean_fidelity": 0.86193442132473,
    "mean_frobenius_distance": 0.33649375137686727,
    "mean_infidelity": 0.13806557867527008,
    "mean_measurement_l2": 0.32637234139442445,
    "mean_trace_distance": 0.3044505928993225,
    "median_fidelity": 0.8777234554290771,
    "minimum_predicted_eigenvalue": -1.8453901518000748e-08,
    "num_samples": 2500,
    "std_fidelity": 0.05568759378541919
  },
  "random_replacement": {
    "maximum_trace_error": 2.384185791015625e-07,
    "mean_fidelity": 0.9502736751317978,
    "mean_frobenius_distance": 0.11074639618098736,
    "mean_infidelity": 0.04972632486820221,
    "mean_measurement_l2": 0.1992187523007393,
    "mean_trace_distance": 0.11650487686097621,
    "median_fidelity": 0.9496377408504486,
    "minimum_predicted_eigenvalue": 5.670928970857858e-08,
    "num_samples": 2500,
    "std_fidelity": 0.02952436479064969
  },
  "targeted_replacement": {
    "maximum_trace_error": 2.384185791015625e-07,
    "mean_fidelity": 0.9475717971801758,
    "mean_frobenius_distance": 0.12058851830512285,
    "mean_infidelity": 0.052428202819824216,
    "mean_measurement_l2": 0.20949729098081588,
    "mean_target_fidelity": 0.17113011448364704,
    "mean_trace_distance": 0.12525352489948272,
    "median_fidelity": 0.9479834735393524,
    "minimum_predicted_eigenvalue": -2.179217029052438e-09,
    "num_samples": 2500,
    "std_fidelity": 0.03006734276967829
  },
  "worst_replacement": {
    "maximum_trace_error": 2.384185791015625e-07,
    "mean_fidelity": 0.9372862604141236,
    "mean_frobenius_distance": 0.11938605184555054,
    "mean_infidelity": 0.06271373958587646,
    "mean_measurement_l2": 0.20661608902215958,
    "mean_trace_distance": 0.12382429776787758,
    "median_fidelity": 0.9408296942710876,
    "minimum_predicted_eigenvalue": 9.84445023277658e-08,
    "num_samples": 2500,
    "std_fidelity": 0.03783105245520694
  }
}