{
  "maximum_trace_error": 2.384185791015625e-07,
  "mean_fidelity": 0.9449755130529404,
  "mean_frobenius_distance": 0.12593954792767764,
  "mean_infidelity": 0.05502448694705963,
  "mean_measurement_l2": 0.20783820629715918,
  "mean_target_fidelity": 0.1699023952331394,
  "mean_trace_distance": 0.13016547202020884,
  "median_fidelity": 0.9446106851100922,
  "minimum_predicted_eigenvalue": -1.2524080439391128e-08,
  "num_samples": 2500,
  "std_fidelity": 0.03150946578664061
}