{
  "maximum_trace_error": 2.384185791015625e-07,
  "mean_fidelity": 0.9372862604141236,
  "mean_frobenius_distance": 0.11938605184555054,
  "mean_infidelity": 0.06271373958587646,
  "mean_measurement_l2": 0.20661608902215958,
  "mean_trace_distance": 0.12382429776787758,
  "median_fidelity": 0.9408296942710876,
  "minimum_predicted_eigenvalue": 9.84445023277658e-08,
  "num_samples": 2500,
  "std_fidelity": 0.03783105245520694
}