{
  "maximum_trace_error": 2.384185791015625e-07,
  "mean_fidelity": 0.9868034969766935,
  "mean_frobenius_distance": 0.05462780577658365,
  "mean_infidelity": 0.013196503023306529,
  "mean_measurement_l2": 0.07551046602676312,
  "mean_trace_distance": 0.046210520055145025,
  "median_fidelity": 0.9882060587406158,
  "minimum_predicted_eigenvalue": 1.993146724998951e-05,
  "num_samples": 3000,
  "std_fidelity": 0.009444209012499883
}