{
  "maximum_trace_error": 2.384185791015625e-07,
  "mean_fidelity": 0.959591846605142,
  "mean_frobenius_distance": 0.18159398529430232,
  "mean_infidelity": 0.040408153394858044,
  "mean_measurement_l2": 0.10096812221904596,
  "mean_trace_distance": 0.14612619104981422,
  "median_fidelity": 0.9641469419002533,
  "minimum_predicted_eigenvalue": 2.0779443730134517e-05,
  "num_samples": 3000,
  "std_fidelity": 0.0174308832940436
}