{
  "maximum_trace_error": 2.384185791015625e-07,
  "mean_fidelity": 0.9561952606836954,
  "mean_frobenius_distance": 0.19438585765163105,
  "mean_infidelity": 0.043804739316304526,
  "mean_measurement_l2": 0.117569285210222,
  "mean_trace_distance": 0.15616477291782696,
  "median_fidelity": 0.9600651264190674,
  "minimum_predicted_eigenvalue": 3.389123776287306e-06,
  "num_samples": 3000,
  "std_fidelity": 0.018929890817322725
}