{
  "maximum_trace_error": 2.384185791015625e-07,
  "mean_fidelity": 0.9745934572418531,
  "mean_frobenius_distance": 0.0881483941283077,
  "mean_infidelity": 0.02540654275814692,
  "mean_measurement_l2": 0.08694703441734115,
  "mean_trace_distance": 0.07405126269037525,
  "median_fidelity": 0.9750661253929138,
  "minimum_predicted_eigenvalue": 0.00021318651852197945,
  "num_samples": 3000,
  "std_fidelity": 0.01566712716479558
}