{
  "maximum_trace_error": 2.384185791015625e-07,
  "mean_fidelity": 0.9762595340013503,
  "mean_frobenius_distance": 0.08856979775428772,
  "mean_infidelity": 0.023740465998649596,
  "mean_measurement_l2": 0.09848776635775963,
  "mean_trace_distance": 0.07429595469559232,
  "median_fidelity": 0.9776289463043213,
  "minimum_predicted_eigenvalue": 3.334514258312993e-05,
  "num_samples": 3000,
  "std_fidelity": 0.014812616315405194
}