{
  "clean": {
    "maximum_trace_error": 1.7881393432617188e-07,
    "mean_fidelity": 0.9851771869659424,
    "mean_frobenius_distance": 0.06345519913484653,
    "mean_infidelity": 0.014822813034057617,
    "mean_measurement_l2": 0.0874384722871085,
    "mean_trace_distance": 0.053168146294231215,
    "median_fidelity": 0.9877660274505615,
    "minimum_predicted_eigenvalue": 3.267174179200083e-06,
    "num_samples": 3000,
    "std_fidelity": 0.01047998890810687
  },
  "frequency_pgd": {
    "maximum_trace_error": 2.384185791015625e-07,
    "mean_fidelity": 0.9561952606836954,
    "mean_frobenius_distance": 0.19438585765163105,
    "mean_infidelity": 0.043804739316304526,
    "mean_measurement_l2": 0.117569285210222,
    "mean_trace_distance": 0.15616477291782696,
    "median_fidelity": 0.9600651264190674,
    "minimum_predicted_eigenvalue": 3.389123776287306e-06,
    "num_samples": 3000,
    "std_fidelity": 0.018929890817322725
  },
  "random_replacement": {
    "maximum_trace_error": 2.384185791015625e-07,
    "mean_fidelity": 0.9762595340013503,
    "mean_frobenius_distance": 0.08856979775428772,
    "mean_infidelity": 0.023740465998649596,
    "mean_measurement_l2": 0.09848776635775963,
    "mean_trace_distance": 0.07429595469559232,
    "median_fidelity": 0.9776289463043213,
    "minimum_predicted_eigenvalue": 3.334514258312993e-05,
    "num_samples": 3000,
    "std_fidelity": 0.014812616315405194
  },
  "targeted_replacement": {
    "maximum_trace_error": 1.7881393432617188e-07,
    "mean_fidelity": 0.9738498535752297,
    "mean_frobenius_distance": 0.10104648626719911,
    "mean_infidelity": 0.026150146424770357,
    "mean_measurement_l2": 0.10158960701401035,
    "mean_target_fidelity": 0.30494791523739695,
    "mean_trace_distance": 0.0837894533406943,
    "median_fidelity": 0.9757046401500702,
    "minimum_predicted_eigenvalue": 4.201057163299993e-05,
    "num_samples": 3000,
    "std_fidelity": 0.014998339846967778
  },
  "worst_replacement": {
    "maximum_trace_error": 1.7881393432617188e-07,
    "mean_fidelity": 0.9611484767794609,
    "mean_frobenius_distance": 0.09984376832097769,
    "mean_infidelity": 0.03885152322053909,
    "mean_measurement_l2": 0.10330728863924742,
    "mean_trace_distance": 0.08262408003335198,
    "median_fidelity": 0.9619380831718445,
    "minimum_predicted_eigenvalue": 0.00029016760527156293,
    "num_samples": 3000,
    "std_fidelity": 0.0229215897544841
  }
}