{
  "clean": {
    "maximum_trace_error": 2.384185791015625e-07,
    "mean_fidelity": 0.9868034969766935,
    "mean_frobenius_distance": 0.05462780577658365,
    "mean_infidelity": 0.013196503023306529,
    "mean_measurement_l2": 0.07551046602676312,
    "mean_trace_distance": 0.046210520055145025,
    "median_fidelity": 0.9882060587406158,
    "minimum_predicted_eigenvalue": 1.993146724998951e-05,
    "num_samples": 3000,
    "std_fidelity": 0.009444209012499883
  },
  "frequency_pgd": {
    "maximum_trace_error": 2.384185791015625e-07,
    "mean_fidelity": 0.959591846605142,
    "mean_frobenius_distance": 0.18159398529430232,
    "mean_infidelity": 0.040408153394858044,
    "mean_measurement_l2": 0.10096812221904596,
    "mean_trace_distance": 0.14612619104981422,
    "median_fidelity": 0.9641469419002533,
    "minimum_predicted_eigenvalue": 2.0779443730134517e-05,
    "num_samples": 3000,
    "std_fidelity": 0.0174308832940436
  },
  "random_replacement": {
    "maximum_trace_error": 2.384185791015625e-07,
    "mean_fidelity": 0.9745934572418531,
    "mean_frobenius_distance": 0.0881483941283077,
    "mean_infidelity": 0.02540654275814692,
    "mean_measurement_l2": 0.08694703441734115,
    "mean_trace_distance": 0.07405126269037525,
    "median_fidelity": 0.9750661253929138,
    "minimum_predicted_eigenvalue": 0.00021318651852197945,
    "num_samples": 3000,
    "std_fidelity": 0.01566712716479558
  },
  "targeted_replacement": {
    "maximum_trace_error": 1.7881393432617188e-07,
    "mean_fidelity": 0.9723894780874253,
    "mean_frobenius_distance": 0.10022383701304595,
    "mean_infidelity": 0.027610521912574768,
    "mean_measurement_l2": 0.09032941868528724,
    "mean_target_fidelity": 0.3049929260170708,
    "mean_trace_distance": 0.08313102080052098,
    "median_fidelity": 0.9733053743839264,
    "minimum_predicted_eigenvalue": 0.00036509448545984924,
    "num_samples": 3000,
    "std_fidelity": 0.015936392027510127
  },
  "worst_replacement": {
    "maximum_trace_error": 2.384185791015625e-07,
    "mean_fidelity": 0.959320201933384,
    "mean_frobenius_distance": 0.10073265047557652,
    "mean_infidelity": 0.040679798066616056,
    "mean_measurement_l2": 0.09498807706435522,
    "mean_trace_distance": 0.08343144689997037,
    "median_fidelity": 0.9585536420345306,
    "minimum_predicted_eigenvalue": 0.0009942777687683702,
    "num_samples": 3000,
    "std_fidelity": 0.023124628085348375
  }
}