{
  "maximum_trace_error": 1.7881393432617188e-07,
  "mean_fidelity": 0.9723894780874253,
  "mean_frobenius_distance": 0.10022383701304595,
  "mean_infidelity": 0.027610521912574768,
  "mean_measurement_l2": 0.09032941868528724,
  "mean_target_fidelity": 0.3049929260170708,
  "mean_trace_distance": 0.08313102080052098,
  "median_fidelity": 0.9733053743839264,
  "minimum_predicted_eigenvalue": 0.00036509448545984924,
  "num_samples": 3000,
  "std_fidelity": 0.015936392027510127
}