{
  "maximum_trace_error": 2.384185791015625e-07,
  "mean_fidelity": 0.959320201933384,
  "mean_frobenius_distance": 0.10073265047557652,
  "mean_infidelity": 0.040679798066616056,
  "mean_measurement_l2": 0.09498807706435522,
  "mean_trace_distance": 0.08343144689997037,
  "median_fidelity": 0.9585536420345306,
  "minimum_predicted_eigenvalue": 0.0009942777687683702,
  "num_samples": 3000,
  "std_fidelity": 0.023124628085348375
}