{
  "maximum_trace_error": 1.7881393432617188e-07,
  "mean_fidelity": 0.9611484767794609,
  "mean_frobenius_distance": 0.09984376832097769,
  "mean_infidelity": 0.03885152322053909,
  "mean_measurement_l2": 0.10330728863924742,
  "mean_trace_distance": 0.08262408003335198,
  "median_fidelity": 0.9619380831718445,
  "minimum_predicted_eigenvalue": 0.00029016760527156293,
  "num_samples": 3000,
  "std_fidelity": 0.0229215897544841
}