{
  "train_total": [
    0.7812405588150024,
    0.6283806637763977,
    0.6121871355056763,
    0.6033824133872986,
    0.5973553566932678,
    0.5896084655761719,
    0.580600336933136,
    0.574442440032959,
    0.5705680541038514,
    0.5689029718399048,
    0.5647076899528504,
    0.562367684173584,
    0.5611034779548645,
    0.5590987544059753,
    0.5577296862602233,
    0.555948972606659,
    0.554161353302002,
    0.5526156874656677,
    0.5524405274391174,
    0.5507707949638366,
    0.5488118932723999,
    0.5484074382781983,
    0.5470463436126709,
    0.5470193232536316,
    0.545190504360199,
    0.5447823451042175,
    0.5431841130256653,
    0.5432903000831604,
    0.5414790483474732,
    0.5406109711647034,
    0.540514058971405,
    0.5398400925636292,
    0.53920939245224,
    0.5400959322929383,
    0.5383602778434753,
    0.5373522995948792,
    0.5373513669013977,
    0.5356106377601624,
    0.534905265712738,
    0.5355033410072326,
    0.5353399317741394,
    0.5353002388954162,
    0.5347968981742859,
    0.5332697972297669,
    0.5322965198516846,
    0.532556789445877,
    0.532325666809082,
    0.5317200125694275,
    0.5327781191825867,
    0.5312633564949035
  ],
  "train_clean_reconstruction": [
    0.07429339736402035,
    0.027289866572618483,
    0.023091174632310866,
    0.020893638199567795,
    0.019662765324115754,
    0.01888338110148907,
    0.018147941912710668,
    0.017641261911392214,
    0.017259865187108515,
    0.01682191924750805,
    0.016471094051003457,
    0.016109677983820438,
    0.015727235934138297,
    0.015529224288463593,
    0.015213828808069228,
    0.015041260036826133,
    0.014770204629004002,
    0.01462971565425396,
    0.014486549888551236,
    0.014378246612846852,
    0.014059287290275098,
    0.013994988152384757,
    0.013947932207584382,
    0.013820681792497635,
    0.01363809585571289,
    0.013552750088274479,
    0.013395288893580437,
    0.013310384491086007,
    0.013198796106874943,
    0.012995191022753715,
    0.013164554306864739,
    0.013022966775298118,
    0.012997823610901833,
    0.012949489670991897,
    0.012846968176960944,
    0.012773589661717415,
    0.012590020997822285,
    0.012532059094309806,
    0.012536095349490642,
    0.012525600115954875,
    0.012444305573403836,
    0.012352838785946368,
    0.012368809723854065,
    0.012246924415230752,
    0.012248136289417743,
    0.012250059470534324,
    0.01216765757650137,
    0.012043515503406524,
    0.012183220434188843,
    0.012174370183050632
  ],
  "train_adversarial_reconstruction": [
    0.1012946388244629,
    0.05195325545668602,
    0.047158626168966294,
    0.04488847049474716,
    0.04332428668737411,
    0.041838885390758515,
    0.04015963675379753,
    0.03911634741425514,
    0.038327558621764186,
    0.03797238004207611,
    0.03741910170912743,
    0.03706889101862908,
    0.036724347871541975,
    0.03627114883065224,
    0.03589164517223835,
    0.035567224740982055,
    0.03503759424686432,
    0.03501532892584801,
    0.034831965091824534,
    0.034674577289819715,
    0.03436040389537811,
    0.03410050882399082,
    0.033878284481167795,
    0.03405432129502296,
    0.03354855063557625,
    0.033519027227163316,
    0.03318220752775669,
    0.03328431546092033,
    0.03302818524837494,
    0.032852476385235786,
    0.03282400843203068,
    0.032641509848833086,
    0.032654997605085376,
    0.03244612739086151,
    0.0326005958467722,
    0.03225755964517593,
    0.03221485508680343,
    0.031835749033093455,
    0.031928908893465995,
    0.03197413837015629,
    0.032106568863987925,
    0.03191798929572105,
    0.03160958486199379,
    0.031737318941950796,
    0.031646946719288825,
    0.03149314605593681,
    0.03157118018865585,
    0.031541269212961194,
    0.03138734793663025,
    0.03141366493403912
  ],
  "train_pgd_reconstruction": [
    0.12795121381282806,
    0.07363065376281738,
    0.06720171768665313,
    0.06382789364457131,
    0.06205777420401573,
    0.06017052326202393,
    0.057108639162778856,
    0.05563375364542007,
    0.05457340632677078,
    0.05408384611010551,
    0.053477906531095507,
    0.05280215377211571,
    0.052770567899942396,
    0.052035268366336825,
    0.052116206216812136,
    0.0512658584356308,
    0.05080780617594719,
    0.05101334021091461,
    0.05085008335709572,
    0.05029144104123116,
    0.04986866892576217,
    0.04991439662575722,
    0.04978818992376328,
    0.04972780140638351,
    0.0491490089058876,
    0.04900862680077553,
    0.0489563041806221,
    0.04854937374591827,
    0.048188982474803924,
    0.04801460416913032,
    0.04837543137073517,
    0.048022386598587034,
    0.04795633745193482,
    0.04798373371958733,
    0.04774439640641213,
    0.047870854210853575,
    0.04763297213315964,
    0.04725027093887329,
    0.04660789572000504,
    0.046708293068408964,
    0.04702791935801506,
    0.04694210488796234,
    0.04713710376620293,
    0.04681453515887261,
    0.04636916206479073,
    0.046474003714323045,
    0.04659211285114288,
    0.046391168808937074,
    0.046581569331884384,
    0.04615216825604439
  ],
  "train_detection": [
    1.9093924997329712,
    1.9014911573410034,
    1.898484536743164,
    1.8946749019622802,
    1.8888501226425172,
    1.8744841333389282,
    1.8603722925186157,
    1.847848008918762,
    1.841280566596985,
    1.8397584379196168,
    1.8290252367019653,
    1.8252224643707275,
    1.8232083562850951,
    1.8207384349822997,
    1.8177241752624511,
    1.8159944284439087,
    1.813883042526245,
    1.807532332801819,
    1.8087946758270264,
    1.805414875984192,
    1.8018101587295532,
    1.801305788040161,
    1.7974456176757811,
    1.797386471748352,
    1.7951431211471558,
    1.794531781578064,
    1.7903294313430786,
    1.7923147243499755,
    1.7879840797424316,
    1.7867306938171388,
    1.7843331134796143,
    1.7843487604141235,
    1.7821367349624633,
    1.7866035789489747,
    1.7804127199172974,
    1.7775419490814208,
    1.7793987073898316,
    1.775715612602234,
    1.7750743871688843,
    1.7769265151977538,
    1.7747908180236815,
    1.7760984256744385,
    1.7744735633850097,
    1.7696345378875733,
    1.7678793716430663,
    1.7691094673156738,
    1.7677312950134276,
    1.7667307758331299,
    1.7702554531097412,
    1.7658436668395996
  ],
  "train_measurement_consistency": [
    0.003531833375431597,
    0.0013410065338015555,
    0.001144799485336989,
    0.001036867959983647,
    0.0009800096577033401,
    0.000946436680201441,
    0.0009104597869329155,
    0.00089077202193439,
    0.000870855843089521,
    0.0008521626724861562,
    0.0008327660448849201,
    0.0008134381101466715,
    0.0007923483809456229,
    0.0007850548263639212,
    0.0007696192497387528,
    0.0007602436534129083,
    0.0007498793070204556,
    0.0007422027122229338,
    0.0007325938529334962,
    0.0007281412256881594,
    0.0007099456937983632,
    0.0007109550064429641,
    0.0007053296795114875,
    0.0006990175881423056,
    0.0006906965552829206,
    0.0006899441457353532,
    0.0006795443393290043,
    0.0006754515327513218,
    0.0006706530625000596,
    0.0006602638425305486,
    0.0006678823105059564,
    0.0006603871117345989,
    0.000660493641346693,
    0.0006568738223053515,
    0.0006513983807526529,
    0.00064809913598001,
    0.0006384206376969814,
    0.0006365733497776091,
    0.0006376958470791579,
    0.00063681749580428,
    0.0006343388230539859,
    0.000626988172903657,
    0.0006300681006163359,
    0.0006238436225801706,
    0.000624318618234247,
    0.0006221467591822148,
    0.0006189266350120306,
    0.0006136357906274498,
    0.0006212065548636019,
    0.0006224022400565445
  ],