{
  "train_total": [
    1.1664485098838806,
    0.8161978063583374,
    0.7617184881210327,
    0.7363296682357788,
    0.7182654552459716,
    0.7078279807090759,
    0.6995718848228455,
    0.692304938697815,
    0.6843091037750244,
    0.6793592607498169,
    0.6743919174194336,
    0.670464602470398,
    0.6662097774505615,
    0.6627967437744141,
    0.6593243207931518,
    0.6568974150657654,
    0.6526855650901795,
    0.6519999764442443,
    0.6502956669807434,
    0.6461589345932007,
    0.6448323985099792,
    0.6426197878837585,
    0.6420006783485412,
    0.639649474811554,
    0.6386958046913147,
    0.6368078898429871,
    0.6372346894264221,
    0.635263897228241,
    0.6341621591567993,
    0.632648583316803,
    0.631913045501709,
    0.6303954977989197,
    0.6290631930351257,
    0.6292833958625793,
    0.6284256306648255,
    0.6279334079742431,
    0.6260085637092591,
    0.6258703651428222,
    0.624880486869812,
    0.6243861829757691,
    0.6238518493652344,
    0.6233246783256531,
    0.6223312398910522,
    0.6216387808799744,
    0.6209387187957763,
    0.619235960483551,
    0.6197375573158265,
    0.6191412353515625,
    0.6185838843345642,
    0.617482006263733
  ],
  "train_clean_reconstruction": [
    0.17160347267389298,
    0.06444148035049438,
    0.05400234063267708,
    0.049142499387264255,
    0.04619167639613152,
    0.044361499863862994,
    0.04302868339419365,
    0.04170744296908378,
    0.040663355612754824,
    0.03993187341094017,
    0.0392579795062542,
    0.03854689854979515,
    0.03781909143328667,
    0.03752359663248062,
    0.036777781495451925,
    0.036422887659072874,
    0.03597926330268383,
    0.0357351571559906,
    0.03530497355461121,
    0.034937665557861326,
    0.03474513268768788,
    0.03423826000094414,
    0.034111793741583823,
    0.033793920916318894,
    0.03356514074802399,
    0.033297360077500344,
    0.033283168482780456,
    0.0330359538435936,
    0.03278424249887466,
    0.03261028552055359,
    0.032408845064044,
    0.03228921613693237,
    0.0320437424838543,
    0.03195524232983589,
    0.03182261739075184,
    0.031814079236984254,
    0.03164288411140442,
    0.0315048124730587,
    0.0313874929100275,
    0.031180112609267233,
    0.03101778065264225,
    0.031021285140514374,
    0.030958997413516046,
    0.03077558661997318,
    0.030653585410118103,
    0.030570403811335564,
    0.03064249806702137,
    0.030388905373215674,
    0.030370286759734154,
    0.030256613382697105
  ],
  "train_adversarial_reconstruction": [
    0.1946767250418663,
    0.08289067441821098,
    0.07011448623538018,
    0.06467088767290115,
    0.06096767045855522,
    0.05855581228733063,
    0.05663746840953827,
    0.05519920946359634,
    0.05363392451405525,
    0.05265729486346245,
    0.05169774730205536,
    0.0509603562951088,
    0.05010863783955574,
    0.04966815576553345,
    0.04877897219657898,
    0.04829682429432869,
    0.04767386026978493,
    0.047336323642730715,
    0.047023755419254305,
    0.04644403828978538,
    0.04627047566175461,
    0.04576952769160271,
    0.04553286201953888,
    0.04523400772213936,
    0.04498268978595733,
    0.044594647002220156,
    0.0445317196726799,
    0.04424240171909332,
    0.0439241986066103,
    0.0437101879298687,
    0.0435830208837986,
    0.043312615475058554,
    0.042988613891601565,
    0.043015125447511675,
    0.04281171092987061,
    0.04272926213741302,
    0.0425115084528923,
    0.042341874939203265,
    0.04224492666125298,
    0.04220398963093758,
    0.04194507746696472,
    0.0418610904276371,
    0.04167343710660935,
    0.041484206765890125,
    0.041482502791285514,
    0.04118183489441871,
    0.041309810143709186,
    0.041173849260807034,
    0.04126099072098732,
    0.041085206830501556
  ],
  "train_pgd_reconstruction": [
    0.32385378704071044,
    0.20393416142463683,
    0.17861839184761047,
    0.16733111684322358,
    0.15973169960975647,
    0.1557699025630951,
    0.15334342767000197,
    0.15079834995269775,
    0.14775000369548796,
    0.1466007152080536,
    0.14475308487415314,
    0.143524589407444,
    0.14267393037080764,
    0.14148510665893554,
    0.14019534438848497,
    0.13932494957447053,
    0.13771677764654158,
    0.13737632925510407,
    0.13759945353269576,
    0.13555006086826324,
    0.13484455366134643,
    0.13456793864965438,
    0.1341782886147499,
    0.13322456555366516,
    0.1329741290330887,
    0.13245414179563522,
    0.13221486225128173,
    0.1318154827952385,
    0.13148978374004364,
    0.13064730458259582,
    0.13029217849969865,
    0.1300560593008995,
    0.12964692685604096,
    0.12957122428417206,
    0.12918403743505477,
    0.1287672867178917,
    0.12806766885519028,
    0.12848993647098542,
    0.1278900708436966,
    0.12745973120927812,
    0.12718125027418137,
    0.12743399628400803,
    0.12632820215225218,
    0.1263310554265976,
    0.12648638653755187,
    0.1254832301259041,
    0.12552567784786225,
    0.1253692592382431,
    0.12503960493803024,
    0.12476279309988021
  ],
  "train_detection": [
    1.9043740600585937,
    1.859379646873474,
    1.8356415187835693,
    1.8204750864028931,
    1.8052483797073364,
    1.7963235260009767,
    1.7860168905258178,
    1.7781740312576293,
    1.7688276233673095,
    1.760461561012268,
    1.7545208463668822,
    1.7495234367370605,
    1.7422282583236695,
    1.7362773593902587,
    1.7340904096603393,
    1.7312146125793457,
    1.7250683155059814,
    1.726016157913208,
    1.721279262161255,
    1.716720053100586,
    1.7157013143539428,
    1.7119914922714234,
    1.7125267831802369,
    1.7094054374694825,
    1.7085141065597533,
    1.7056667284011842,
    1.7086399513244628,
    1.7045021327972412,
    1.70367861328125,
    1.7025471431732178,
    1.7023408639907838,
    1.6987758241653443,
    1.6973625219345092,
    1.6987943984985352,
    1.6982570035934448,
    1.6983189434051513,
    1.6949748308181762,
    1.693964501953125,
    1.693262428855896,
    1.694000807762146,
    1.6946633768081665,
    1.6918654821395873,
    1.693314875793457,
    1.692024898147583,
    1.6890988061904908,
    1.6878361476898194,
    1.6888723892211914,
    1.688672205734253,
    1.6874873693466186,
    1.6853455278396607
  ],
  "train_measurement_consistency": [
    0.002210084838885814,
    0.0008657881923019886,
    0.0007288819179870188,
    0.0006639416077174246,
    0.0006231556388549506,
    0.0005988320665434003,
    0.0005808423519134522,
    0.0005642733548302203,
    0.0005491450575646013,
    0.0005398639659862965,
    0.0005289410245139152,
    0.0005189594628289342,
    0.0005105038141366094,
    0.0005054323029704392,
    0.0004962181024253369,
    0.0004910003382246941,
    0.0004858398160897195,
    0.00048125640586949887,
    0.00047669774377718567,
    0.0004715779874008149,
    0.00046907739122398196,
    0.0004618996216915548,
    0.0004603958193678409,
    0.0004561907450668514,
    0.0004531935900915414,
    0.00045059210732579234,
    0.0004495276467408985,
    0.00044527542847208677,
    0.00044279346587136387,
    0.0004402065184898675,
    0.00043784755486994984,
    0.00043650444629602135,
    0.0004327887360472232,
    0.00043203189144842326,
    0.00043015554682351647,
    0.00043043880704790355,
    0.00042793716811575,
    0.0004261586862616241,
    0.0004238949689082801,
    0.00042145264283753933,
    0.00041897302898578345,
    0.00041936650252901017,
    0.0004188552333973348,
    0.00041708816117607057,
    0.0004154312907718122,
    0.00041456428612582385,
    0.0004147562418598682,
    0.0004117194482591003,
    0.0004115932606626302,
    0.0004101182184647769
  ],